{"accuracy": [0.23119735717773438, 0.558696448802948, 0.6936653256416321, 0.7685096859931946, 0.8293665051460266, 0.8678140044212341, 0.8882460594177246, 0.9082387685775757, 0.9306480884552002, 0.9413401484489441], "loss": [2.7718210220336914, 1.4748119115829468, 0.9927185773849487, 0.7304657697677612, 0.5330629348754883, 0.4112868010997772, 0.34054169058799744, 0.28247493505477905, 0.20976686477661133, 0.1796654313802719], "val_accuracy": [0.4939676821231842, 0.6805713772773743, 0.7249601483345032, 0.7723082304000854, 0.8061689138412476, 0.8390052318572998, 0.8571591377258301, 0.8480536937713623, 0.8543136715888977, 0.859321653842926], "val_loss": [1.6882860660552979, 1.0335859060287476, 0.9145782589912415, 0.7231054306030273, 0.6225520968437195, 0.5249306559562683, 0.47622326016426086, 0.5049183964729309, 0.49530029296875, 0.5121145844459534]}